loss,accuracy,precision,recall,f1,roc_auc,pr_auc
0.5818826323858105,0.881,0.8287711124053582,0.9576043068640646,0.8885419918826101,0.9638786312052072,0.9618795409840833
