loss,accuracy,precision,recall,f1,roc_auc,pr_auc
0.5784557324107736,0.8595,0.8070628768303187,0.9426559356136821,0.8696055684454757,0.9492411726822165,0.9472530673043942
